<?xml version="1.0" encoding="UTF-8"?>
<configurationDescriptor version="62">
  <logicalFolder name="root" displayName="root" projectFiles="true">
    <logicalFolder name="HeaderFiles"
                   displayName="Header Files"
                   projectFiles="true">
      <itemPath>../Buffer.h</itemPath>
      <itemPath>../Buffer_types.h</itemPath>
      <itemPath>../Global_config.h</itemPath>
      <itemPath>../Global_flags.h</itemPath>
      <itemPath>../Global_vars.h</itemPath>
      <itemPath>../main.h</itemPath>
      <itemPath>../Global_vars_types.h</itemPath>
      <itemPath>../Interface.h</itemPath>
      <itemPath>../Can_injector.h</itemPath>
      <itemPath>../Can_watch.h</itemPath>
      <itemPath>../QS/p30f6010A.h</itemPath>
      <itemPath>../QS/QS_adc.h</itemPath>
      <itemPath>../QS/QS_all.h</itemPath>
      <itemPath>../QS/QS_can.h</itemPath>
      <itemPath>../QS/QS_can_over_uart.h</itemPath>
      <itemPath>../QS/QS_CANmsgDoc.h</itemPath>
      <itemPath>../QS/QS_CANmsgList.h</itemPath>
      <itemPath>../QS/QS_config_doc.h</itemPath>
      <itemPath>../QS/QS_configCheck.h</itemPath>
      <itemPath>../QS/QS_global_vars.h</itemPath>
      <itemPath>../QS/QS_macro.h</itemPath>
      <itemPath>../QS/QS_ports.h</itemPath>
      <itemPath>../QS/QS_timer.h</itemPath>
      <itemPath>../QS/QS_types.h</itemPath>
      <itemPath>../QS/QS_uart.h</itemPath>
      <itemPath>../QS/QS_watchdog.h</itemPath>
      <itemPath>../Selftest.h</itemPath>
      <itemPath>../Buttons.h</itemPath>
      <itemPath>../QS/QS_buttons.h</itemPath>
      <itemPath>../Eeprom_can_msg.h</itemPath>
      <itemPath>../Verbose_can_msg.h</itemPath>
      <itemPath>../Eeprom.h</itemPath>
      <itemPath>../QS/QS_spi.h</itemPath>
      <itemPath>../RTC.h</itemPath>
    </logicalFolder>
    <logicalFolder name="LinkerScript"
                   displayName="Linker Files"
                   projectFiles="true">
    </logicalFolder>
    <logicalFolder name="SourceFiles"
                   displayName="Source Files"
                   projectFiles="true">
      <itemPath>../Buffer.c</itemPath>
      <itemPath>../QS/QS_adc.c</itemPath>
      <itemPath>../main.c</itemPath>
      <itemPath>../Interface.c</itemPath>
      <itemPath>../Can_injector.c</itemPath>
      <itemPath>../Can_watch.c</itemPath>
      <itemPath>../QS/QS_can.c</itemPath>
      <itemPath>../QS/QS_can_over_uart.c</itemPath>
      <itemPath>../QS/QS_configBits.c</itemPath>
      <itemPath>../QS/QS_global_vars.c</itemPath>
      <itemPath>../QS/QS_ports.c</itemPath>
      <itemPath>../QS/QS_timer.c</itemPath>
      <itemPath>../QS/QS_uart.c</itemPath>
      <itemPath>../QS/QS_extern_it.c</itemPath>
      <itemPath>../QS/QS_watchdog.c</itemPath>
      <itemPath>../Selftest.c</itemPath>
      <itemPath>../Buttons.c</itemPath>
      <itemPath>../QS/QS_buttons.c</itemPath>
      <itemPath>../Eeprom_can_msg.c</itemPath>
      <itemPath>../Verbose_can_msg.c</itemPath>
      <itemPath>../Eeprom.c</itemPath>
      <itemPath>../QS/QS_spi.c</itemPath>
      <itemPath>../RTC.c</itemPath>
    </logicalFolder>
    <logicalFolder name="ExternalFiles"
                   displayName="Important Files"
                   projectFiles="false">
      <itemPath>Makefile</itemPath>
    </logicalFolder>
    <logicalFolder name="OtherFiles" displayName="Other Files" projectFiles="false">
      <itemPath>../QS/LICENCE.txt</itemPath>
    </logicalFolder>
  </logicalFolder>
  <sourceRootList>
    <Elem>../</Elem>
  </sourceRootList>
  <projectmakefile>Makefile</projectmakefile>
  <confs>
    <conf name="default" type="2">
      <toolsSet>
        <developmentServer>localhost</developmentServer>
        <targetDevice>dsPIC30F6010A</targetDevice>
        <targetHeader></targetHeader>
        <platformTool>ICD3PlatformTool</platformTool>
        <languageToolchain>C30</languageToolchain>
        <languageToolchainVersion></languageToolchainVersion>
        <platform>3</platform>
      </toolsSet>
      <compileType>
        <linkerTool>
          <linkerLibItems>
            <linkerLibFileItem>../QS/libp30F6010A-coff.a</linkerLibFileItem>
          </linkerLibItems>
        </linkerTool>
      </compileType>
      <makeCustomizationType>
        <makeCustomizationPreStepEnabled>true</makeCustomizationPreStepEnabled>
        <makeCustomizationPreStep></makeCustomizationPreStep>
        <makeCustomizationPostStepEnabled>true</makeCustomizationPostStepEnabled>
        <makeCustomizationPostStep></makeCustomizationPostStep>
        <makeCustomizationAlternativeFileToLoadEnabled>false</makeCustomizationAlternativeFileToLoadEnabled>
        <makeCustomizationAlternativeFileToLoad></makeCustomizationAlternativeFileToLoad>
        <makeCustomizationPutChecksumInUserID>false</makeCustomizationPutChecksumInUserID>
      </makeCustomizationType>
      <C30>
        <property key="code-model" value="default"/>
        <property key="const-model" value="default"/>
        <property key="data-model" value="default"/>
        <property key="enable-all-warnings" value="true"/>
        <property key="enable-ansi-std" value="false"/>
        <property key="enable-ansi-warnings" value="false"/>
        <property key="enable-fatal-warnings" value="false"/>
        <property key="enable-large-arrays" value="false"/>
        <property key="enable-omit-frame-pointer" value="false"/>
        <property key="enable-procedural-abstraction" value="false"/>
        <property key="enable-short-double" value="false"/>
        <property key="enable-symbols" value="true"/>
        <property key="enable-unroll-loops" value="false"/>
        <property key="extra-include-directories" value="..;../QS;"/>
        <property key="isolate-each-function" value="false"/>
        <property key="optimization-level" value="2"/>
        <property key="post-instruction-scheduling" value="default"/>
        <property key="pre-instruction-scheduling" value="default"/>
        <property key="preprocessor-macros" value=""/>
        <property key="scalar-model" value="default"/>
      </C30>
      <C30-AS>
        <property key="assembler-symbols" value=""/>
        <property key="expand-macros" value="false"/>
        <property key="extra-include-directories-for-assembler" value="..;"/>
        <property key="extra-include-directories-for-preprocessor" value=""/>
        <property key="false-conditionals" value="false"/>
        <property key="keep-locals" value="false"/>
        <property key="list-assembly" value="false"/>
        <property key="list-file" value=""/>
        <property key="list-section-info" value="false"/>
        <property key="list-source" value="false"/>
        <property key="list-symbols" value="false"/>
        <property key="omit-debug-dirs" value="false"/>
        <property key="omit-forms" value="false"/>
        <property key="preprocessor-macros" value=""/>
        <property key="relax" value="false"/>
        <property key="warning-level" value="emit-warnings"/>
        <appendMe value="-g "/>
      </C30-AS>
      <C30-LD>
        <property key="boot-eeprom" value="no_eeprom"/>
        <property key="boot-flash" value="no_flash"/>
        <property key="boot-ram" value="no_ram"/>
        <property key="boot-write-protect" value="no_write_protect"/>
        <property key="enable-check-sections" value="false"/>
        <property key="enable-data-init" value="true"/>
        <property key="enable-default-isr" value="true"/>
        <property key="enable-handles" value="true"/>
        <property key="enable-pack-data" value="true"/>
        <property key="extra-lib-directories" value="..;"/>
        <property key="general-code-protect" value="no_code_protect"/>
        <property key="general-write-protect" value="no_write_protect"/>
        <property key="generate-cross-reference-file" value="false"/>
        <property key="heap-size" value="256"/>
        <property key="input-libraries" value=""/>
        <property key="linker-symbols" value=""/>
        <property key="map-file"
                  value="&quot;${DISTDIR}/Supervision_Project.X.${IMAGE_TYPE}.map&quot;"/>
        <property key="preprocessor-macros" value=""/>
        <property key="remove-unused-sections" value="false"/>
        <property key="report-memory-usage" value="true"/>
        <property key="secure-eeprom" value="no_eeprom"/>
        <property key="secure-flash" value="no_flash"/>
        <property key="secure-ram" value="no_ram"/>
        <property key="secure-write-protect" value="no_write_protect"/>
        <property key="stack-size" value=""/>
        <property key="symbol-stripping" value=""/>
        <property key="trace-symbols" value=""/>
        <property key="warn-section-align" value="false"/>
      </C30-LD>
      <C30Global>
        <property key="fast-math" value="false"/>
        <property key="legacy-libc" value="false"/>
        <property key="output-file-format" value="coff"/>
      </C30Global>
      <ICD3PlatformTool>
        <property key="tracecontrol.disablemacros" value="true"/>
        <property key="tracecontrol.medium" value="0"/>
        <property key="tracecontrol.select" value="0"/>
      </ICD3PlatformTool>
    </conf>
  </confs>
</configurationDescriptor>
